classification,Closed PnL
Extreme Greed,25.418772159436944
Fear,50.047621894017375
Greed,87.8948589207749
Neutral,22.229712656210616
